{"AIC with LVC": 22930.12282092807, "NML with LVC": 22930.12282092807, "BIC with LVC": 22930.12282092807, "factorization AIC": 22930.12282092807, "factorization BIC": 22930.12282092807}