{"AIC with LVC": 6562749.847518668, "factorization AIC": 6562749.847518668, "NML with LVC": 6562749.847518668, "factorization BIC": 6562749.847518668, "BIC with LVC": 6562749.847518668}