{"AIC with LVC": 18412.086206568, "NML with LVC": 18412.086206568, "BIC with LVC": 18412.086206568, "factorization AIC": 27806.19237934412, "factorization BIC": 18412.086206568}